用户表: id(雪花算法生成), 用户名, 密码, 邮箱, 角色(0-管理员, 1-普通用户), 状态(0-禁用, 1-正常), 创建人, 创建时间, 修改人, 修改时间


CREATE TABLE `user` (
                        `id` BIGINT NOT NULL COMMENT '主键ID，雪花算法生成',
                        `username` VARCHAR(50) NOT NULL COMMENT '用户名',
                        `password` VARCHAR(100) NOT NULL COMMENT '密码（加密存储）',
                        `email` VARCHAR(100) DEFAULT NULL COMMENT '邮箱',
                        `role` TINYINT DEFAULT 1 COMMENT '角色（0-管理员，1-普通用户）',
                        `status` TINYINT DEFAULT 1 COMMENT '状态（0-禁用，1-正常）',
                        `create_by` BIGINT DEFAULT NULL COMMENT '创建人',
                        `create_time` DATETIME Comment '创建时间',
                        `update_by` BIGINT DEFAULT NULL COMMENT '修改人',
                        `update_time` DATETIME comment '修改时间',
                        PRIMARY KEY (`id`)
) ENGINE=InnoDB DEFAULT CHARSET=utf8mb4 COLLATE=utf8mb4_unicode_ci COMMENT='用户表';


电影类别表: id(雪花算法生成), 电影类别, 创建人, 创建时间, 修改人, 修改时间
CREATE TABLE movie_category (
                                id BIGINT NOT NULL PRIMARY KEY COMMENT '雪花算法生成',
                                category_name VARCHAR(255) NOT NULL COMMENT '电影类别',
                                `create_by` BIGINT DEFAULT NULL COMMENT '创建人',
                                `create_time` DATETIME Comment '创建时间',
                                `update_by` BIGINT DEFAULT NULL COMMENT '修改人',
                                `update_time` DATETIME comment '修改时间',
) ENGINE=InnoDB DEFAULT CHARSET=utf8 COMMENT='电影类别表';

电影表: id(雪花算法生成), 电影名称, 电影类别(和电影类别表关联), 演员, 导演, 电影时长, 上映时间, 电影链接, 创建人, 创建时间, 修改人, 修改时间
CREATE TABLE movie (
                       id BIGINT NOT NULL PRIMARY KEY COMMENT '雪花算法生成',
                       movie_name VARCHAR(255) NOT NULL COMMENT '电影名称',
                       category_id BIGINT NOT NULL COMMENT '电影类别ID',
                       actors TEXT COMMENT '演员',
                       director VARCHAR(255) COMMENT '导演',
                       duration INT COMMENT '电影时长(分钟)',
                       release_date DATE COMMENT '上映时间',
                       movie_link VARCHAR(500) COMMENT '电影链接',
                       `create_by` BIGINT DEFAULT NULL COMMENT '创建人',
                       `create_time` DATETIME Comment '创建时间',
                       `update_by` BIGINT DEFAULT NULL COMMENT '修改人',
                       `update_time` DATETIME comment '修改时间',
                       FOREIGN KEY (category_id) REFERENCES movie_category(id) ON DELETE CASCADE ON UPDATE CASCADE
) ENGINE=InnoDB DEFAULT CHARSET=utf8 COMMENT='电影表';

新闻列表: id(雪花算法生成), 新闻标题, 新闻类别, 新闻内容, 发生日期, 创建人, 创建时间, 修改人, 修改时间
CREATE TABLE news (
                      id BIGINT NOT NULL PRIMARY KEY COMMENT '雪花算法生成',
                      news_title VARCHAR(255) NOT NULL COMMENT '新闻标题',
                      news_category VARCHAR(255) NOT NULL COMMENT '新闻类别',
                      news_content TEXT NOT NULL COMMENT '新闻内容',
                      event_date DATE COMMENT '发生日期',
                      `create_by` BIGINT DEFAULT NULL COMMENT '创建人',
                      `create_time` DATETIME Comment '创建时间',
                      `update_by` BIGINT DEFAULT NULL COMMENT '修改人',
                      `update_time` DATETIME comment '修改时间'
) ENGINE=InnoDB DEFAULT CHARSET=utf8 COMMENT='新闻列表表';


INSERT INTO `user` (`id`, `username`, `password`, `email`, `role`, `status`, `create_by`, `create_time`, `update_by`, `update_time`) VALUES
                                                                                                                                         (1000000000000001, '管理员', 'admin123', 'admin@example.com', 0, 1, 1000000000000001, NOW(), 1000000000000001, NOW()),
                                                                                                                                         (1000000000000002, '张三', 'password1', 'zhangsan@example.com', 1, 1, 1000000000000001, NOW(), 1000000000000001, NOW()),
                                                                                                                                         (1000000000000003, '李四', 'password2', 'lisi@example.com', 1, 1, 1000000000000001, NOW(), 1000000000000001, NOW()),
                                                                                                                                         (1000000000000004, '王五', 'password3', 'wangwu@example.com', 1, 1, 1000000000000001, NOW(), 1000000000000001, NOW()),
                                                                                                                                         (1000000000000005, '赵六', 'password4', 'zhaoliu@example.com', 1, 1, 1000000000000001, NOW(), 1000000000000001, NOW()),
                                                                                                                                         (1000000000000006, '孙七', 'password5', 'sunqi@example.com', 1, 1, 1000000000000001, NOW(), 1000000000000001, NOW()),
                                                                                                                                         (1000000000000007, '周八', 'password6', 'zhouba@example.com', 1, 1, 1000000000000001, NOW(), 1000000000000001, NOW()),
                                                                                                                                         (1000000000000008, '吴九', 'password7', 'wujiu@example.com', 1, 1, 1000000000000001, NOW(), 1000000000000001, NOW()),
                                                                                                                                         (1000000000000009, '郑十', 'password8', 'zhengshi@example.com', 1, 1, 1000000000000001, NOW(), 1000000000000001, NOW()),
                                                                                                                                         (1000000000000010, '刘一', 'password9', 'liuyi@example.com', 1, 1, 1000000000000001, NOW(), 1000000000000001, NOW()),
                                                                                                                                         (1000000000000011, '钱二', 'password10', 'qianer@example.com', 1, 1, 1000000000000001, NOW(), 1000000000000001, NOW()),
                                                                                                                                         (1000000000000012, '吴三', 'password11', 'wusan@example.com', 1, 1, 1000000000000001, NOW(), 1000000000000001, NOW()),
                                                                                                                                         (1000000000000013, '郑四', 'password12', 'zhengsi@example.com', 1, 1, 1000000000000001, NOW(), 1000000000000001, NOW()),
                                                                                                                                         (1000000000000014, '王五', 'password13', 'wangwu@example.com', 1, 1, 1000000000000001, NOW(), 1000000000000001, NOW()),
                                                                                                                                         (1000000000000015, '冯六', 'password14', 'fengliu@example.com', 1, 1, 1000000000000001, NOW(), 1000000000000001, NOW()),
                                                                                                                                         (1000000000000016, '陈七', 'password15', 'chenqi@example.com', 1, 1, 1000000000000001, NOW(), 1000000000000001, NOW()),
                                                                                                                                         (1000000000000017, '楚八', 'password16', 'chuba@example.com', 1, 1, 1000000000000001, NOW(), 1000000000000001, NOW()),
                                                                                                                                         (1000000000000018, '魏九', 'password17', 'weijiu@example.com', 1, 1, 1000000000000001, NOW(), 1000000000000001, NOW()),
                                                                                                                                         (1000000000000019, '蒋十', 'password18', 'jiangshi@example.com', 1, 1, 1000000000000001, NOW(), 1000000000000001, NOW()),
                                                                                                                                         (1000000000000020, '沈一', 'password19', 'shenyiyi@example.com', 1, 1, 1000000000000001, NOW(), 1000000000000001, NOW());


INSERT INTO movie_category (id, category_name, create_by, create_time, update_by, update_time) VALUES
                                                                                                   (2000000000000001, '动作片', 1000000000000001, NOW(), 1000000000000001, NOW()),
                                                                                                   (2000000000000002, '喜剧片', 1000000000000001, NOW(), 1000000000000001, NOW()),
                                                                                                   (2000000000000003, '科幻片', 1000000000000001, NOW(), 1000000000000001, NOW()),
                                                                                                   (2000000000000004, '爱情片', 1000000000000001, NOW(), 1000000000000001, NOW()),
                                                                                                   (2000000000000005, '纪录片', 1000000000000001, NOW(), 1000000000000001, NOW());




INSERT INTO movie (id, movie_name, category_id, actors, director, duration, release_date, movie_link, create_by, create_time, update_by, update_time) VALUES
                                                                                                                                                          (3000000000000004, '战狼2', 2000000000000001, '吴京, 弗兰克·格里罗', '吴京', 123, '2017-07-27', 'https://example.com/zhanlang2', 1000000000000001, NOW(), 1000000000000001, NOW()),
                                                                                                                                                          (3000000000000005, '红海行动', 2000000000000001, '张译, 黄景瑜', '林超贤', 138, '2018-02-16', 'https://example.com/honghaixingdong', 1000000000000001, NOW(), 1000000000000001, NOW()),
                                                                                                                                                          (3000000000000006, '唐人街探案', 2000000000000002, '王宝强, 刘昊然', '陈思诚', 135, '2015-12-31', 'https://example.com/tangrenjietanan', 1000000000000001, NOW(), 1000000000000001, NOW()),
                                                                                                                                                          (3000000000000007, '疯狂的石头', 2000000000000002, '黄渤, 郭涛', '宁浩', 106, '2006-06-30', 'https://example.com/fengkuangdeshitou', 1000000000000001, NOW(), 1000000000000001, NOW()),
                                                                                                                                                          (3000000000000008, '流浪地球2', 2000000000000003, '吴京, 李雪健', '郭帆', 173, '2025-02-10', 'https://example.com/liulangdiqiu2', 1000000000000001, NOW(), 1000000000000001, NOW()),
                                                                                                                                                          (3000000000000009, '上海堡垒', 2000000000000003, '鹿晗, 舒淇', '滕华涛', 107, '2019-08-09', 'https://example.com/shanghaibaolei', 1000000000000001, NOW(), 1000000000000001, NOW()),
                                                                                                                                                          (3000000000000010, '送你一朵小红花', 2000000000000004, '易烊千玺, 刘浩存', '韩延', 128, '2020-12-31', 'https://example.com/xiaohonghua', 1000000000000001, NOW(), 1000000000000001, NOW()),
                                                                                                                                                          (3000000000000011, '前任3：再见前任', 2000000000000004, '韩庚, 郑恺', '田羽生', 120, '2017-12-29', 'https://example.com/qianren3', 1000000000000001, NOW(), 1000000000000001, NOW()),
                                                                                                                                                          (3000000000000012, '我们诞生在中国', 2000000000000005, '周迅', '陆川', 76, '2016-08-12', 'https://example.com/womendansheng', 1000000000000001, NOW(), 1000000000000001, NOW()),
                                                                                                                                                          (3000000000000013, '地球最后的夜晚', 2000000000000004, '汤唯, 黄觉', '毕赣', 140, '2018-12-31', 'https://example.com/diqiuzuihoudeyewan', 1000000000000001, NOW(), 1000000000000001, NOW()),
                                                                                                                                                          (3000000000000014, '影', 2000000000000001, '邓超, 孙俪', '张艺谋', 116, '2018-09-30', 'https://example.com/ying', 1000000000000001, NOW(), 1000000000000001, NOW()),
                                                                                                                                                          (3000000000000015, '芳华', 2000000000000004, '黄轩, 苗苗', '冯小刚', 136, '2017-12-15', 'https://example.com/fanghua', 1000000000000001, NOW(), 1000000000000001, NOW()),
                                                                                                                                                          (3000000000000016, '动物世界', 2000000000000003, '李易峰, 迈克尔·道格拉斯', '韩延', 125, '2018-06-29', 'https://example.com/dongwushijie', 1000000000000001, NOW(), 1000000000000001, NOW()),
                                                                                                                                                          (3000000000000017, '我不是药神', 2000000000000002, '徐峥, 王传君', '文牧野', 117, '2018-07-05', 'https://example.com/wobushiyaoshen', 1000000000000001, NOW(), 1000000000000001, NOW()),
                                                                                                                                                          (3000000000000018, '夺冠', 2000000000000005, '巩俐, 黄渤', '陈可辛', 135, '2020-09-25', 'https://example.com/duoguan', 1000000000000001, NOW(), 1000000000000001, NOW()),
                                                                                                                                                          (3000000000000019, '无问西东', 2000000000000004, '章子怡, 黄晓明', '李芳芳', 138, '2018-01-12', 'https://example.com/wuwenxidong', 1000000000000001, NOW(), 1000000000000001, NOW()),
                                                                                                                                                          (3000000000000020, '攀登者', 2000000000000001, '吴京, 章子怡', '李仁港', 125, '2019-09-30', 'https://example.com/pandengzhe', 1000000000000001, NOW(), 1000000000000001, NOW()),
                                                                                                                                                          (3000000000000021, '湄公河行动', 2000000000000001, '张涵予, 彭于晏', '林超贤', 124, '2016-09-30', 'https://example.com/meigonghe', 1000000000000001, NOW(), 1000000000000001, NOW()),
                                                                                                                                                          (3000000000000022, '人潮汹涌', 2000000000000002, '刘德华, 肖央', '饶晓志', 119, '2021-02-12', 'https://example.com/renchao', 1000000000000001, NOW(), 1000000000000001, NOW()),
                                                                                                                                                          (3000000000000023, '刺杀小说家', 2000000000000003, '雷佳音, 杨幂', '路阳', 130, '2021-02-12', 'https://example.com/cishaxiaoshuojia', 1000000000000001, NOW(), 1000000000000001, NOW());


INSERT INTO news (id, news_title, news_category, news_content, event_date, create_by, create_time, update_by, update_time) VALUES
                                                                                                                               (4000000000000003, '中国成功发射天问二号火星探测器', '科技', '天问二号成功发射，开启新一轮火星探索之旅。', '2025-04-18', 1000000000000001, NOW(), 1000000000000001, NOW()),
                                                                                                                               (4000000000000004, '长三角一体化发展再提速', '经济', '长三角地区经济合作加深，一体化发展进程加速。', '2025-03-22', 1000000000000001, NOW(), 1000000000000001, NOW()),
                                                                                                                               (4000000000000005, '中国女足勇夺亚洲杯冠军', '体育', '中国女足在决赛中击败日本队，勇夺亚洲杯冠军。', '2025-02-14', 1000000000000001, NOW(), 1000000000000001, NOW()),
                                                                                                                               (4000000000000006, 'AI技术突破：量子计算进入实用阶段', '科技', '中国科研团队实现量子计算在 AI 领域的突破。', '2025-04-05', 1000000000000001, NOW(), 1000000000000001, NOW()),
                                                                                                                               (4000000000000007, '北京发布新一轮人才引进计划', '社会', '北京市政府公布新政策，吸引高端人才落户发展。', '2025-03-15', 1000000000000001, NOW(), 1000000000000001, NOW()),
                                                                                                                               (4000000000000008, '世界首座氢能城市正式启用', '环保', '中国率先建设的氢能城市在河北省正式启用。', '2025-04-20', 1000000000000001, NOW(), 1000000000000001, NOW()),
                                                                                                                               (4000000000000009, '中欧班列累计开行突破五万列', '经济', '中欧班列自开行以来，已累计运行超过五万列。', '2025-03-25', 1000000000000001, NOW(), 1000000000000001, NOW()),
                                                                                                                               (4000000000000010, '国产大飞机C919首次跨洋飞行成功', '科技', 'C919 完成首次跨洋飞行，标志着中国航空工业的新突破。', '2025-05-01', 1000000000000001, NOW(), 1000000000000001, NOW()),
                                                                                                                               (4000000000000011, '杭州亚运会圆满闭幕，中国代表团夺金第一', '体育', '杭州亚运会成功举办，中国代表团表现优异。', '2025-10-08', 1000000000000001, NOW(), 1000000000000001, NOW()),
                                                                                                                               (4000000000000012, '中国推出首个5G全覆盖智慧城市', '科技', '深圳成为中国首个实现5G全覆盖的智慧城市。', '2025-02-28', 1000000000000001, NOW(), 1000000000000001, NOW()),
                                                                                                                               (4000000000000013, '粤港澳大湾区创新科技博览会开幕', '科技', '博览会展示了人工智能、大数据、5G等前沿技术。', '2025-04-25', 1000000000000001, NOW(), 1000000000000001, NOW()),
                                                                                                                               (4000000000000014, '“一带一路”建设十周年成果丰硕', '国际', '中国与沿线国家合作项目全面开花，经济发展显著。', '2025-03-10', 1000000000000001, NOW(), 1000000000000001, NOW()),
                                                                                                                               (4000000000000015, '无人驾驶公交在上海正式上线', '科技', '全国首批无人驾驶公交车在上海顺利投入使用。', '2025-05-05', 1000000000000001, NOW(), 1000000000000001, NOW()),
                                                                                                                               (4000000000000016, '中国成功举办世界环境大会', '环保', '全球气候合作取得新进展，中国环保技术受关注。', '2025-04-22', 1000000000000001, NOW(), 1000000000000001, NOW()),
                                                                                                                               (4000000000000017, '首个全国数字货币试点城市发布', '财经', '中国人民银行宣布，数字人民币试点城市名单出炉。', '2025-03-18', 1000000000000001, NOW(), 1000000000000001, NOW()),
                                                                                                                               (4000000000000018, '杭州智慧医疗系统正式上线', '科技', '全市医疗机构实现数据互联，提升诊疗效率。', '2025-05-02', 1000000000000001, NOW(), 1000000000000001, NOW()),
                                                                                                                               (4000000000000019, '天宫空间站完成扩建，中国载人航天再突破', '科技', '天宫空间站顺利扩建完成，空间科学实验能力提升。', '2025-04-30', 1000000000000001, NOW(), 1000000000000001, NOW()),
                                                                                                                               (4000000000000020, '长江保护法实施一年，生态环境显著改善', '环保', '长江水质明显改善，生物多样性逐渐恢复。', '2025-04-12', 1000000000000001, NOW(), 1000000000000001, NOW()),
                                                                                                                               (4000000000000021, '全国高考报名人数创新高', '教育', '2025年全国高考报名人数突破1200万，再创历史新高。', '2025-03-20', 1000000000000001, NOW(), 1000000000000001, NOW()),
                                                                                                                               (4000000000000022, '中国北斗系统全球服务升级', '科技', '北斗系统全球服务能力再提升，精度进一步提高。', '2025-05-04', 1000000000000001, NOW(), 1000000000000001, NOW());


